{"cameraMode":{"drawMode":0,"name":"Shaded","section":"Shading Mode"},"sceneLighting":true,"audioPlay":false,"sceneViewState":{"showFog":true,"showMaterialUpdate":false,"showSkybox":true,"showFlares":true,"showImageEffects":true,"showParticleSystems":true},"in2DMode":false,"pivot":{"x":10.298280715942383,"y":-12.413267135620118,"z":24.15781593322754},"rotation":{"x":0.293640673160553,"y":0.29332613945007326,"z":-0.09519433975219727,"w":0.9048054814338684},"size":30.973033905029298,"orthographic":false}